accidental	偶然の・意図しない	adj	standard
accommodate	収容する・対応する	v	standard
accomplishment	達成・業績	n	standard
accordingly	それに応じて・したがって	adv	standard
accumulate	蓄積する	v	standard
accurately	正確に	adv	standard
acknowledge	認める・認識する	v	standard
adaptation	適応・改作	n	standard
adequately	十分に・適切に	adv	standard
adjacent	隣接した	adj	standard
adjustment	調整・修正	n	standard
administrative	行政上の・管理上の	adj	standard
advocate	支持する・擁護する	v	standard
agricultural	農業の	adj	standard
allocate	割り当てる	v	standard
alteration	変更・改変	n	standard
ambiguous	曖昧な	adj	standard
amendment	修正・改正	n	standard
analogy	類推・類似	n	standard
analytical	分析的な	adj	standard
anticipation	予想・期待	n	standard
applicable	適用できる	adj	standard
arbitrary	恣意的な・任意の	adj	advanced
articulate	明確に表現する	v	advanced
assert	主張する	v	standard
assertion	主張・断言	n	standard
assessment	評価・査定	n	standard
assumption	仮定・思い込み	n	standard
attainable	達成可能な	adj	advanced
authentic	本物の・真正な	adj	standard
beneficial	有益な	adj	standard
coherent	首尾一貫した	adj	advanced
coincidence	偶然の一致	n	standard
collaborative	協力的な	adj	advanced
compelling	説得力のある	adj	advanced
comprehensive	包括的な	adj	advanced
conceivably	考えられる範囲では	adv	advanced
consecutive	連続した	adj	standard
considerably	かなり・相当に	adv	standard
consistent	首尾一貫した	adj	standard
constitute	構成する	v	advanced
constraint	制約	n	advanced
controversial	議論の分かれる	adj	advanced
controversy	論争	n	advanced
convey	伝える	v	standard
correspond	一致する・文通する	v	advanced
counterpart	対応するもの・相当するもの	n	advanced
credible	信頼できる	adj	advanced
criterion	基準	n	advanced
decline	減少する・断る	v	standard
degrade	低下させる・劣化する	v	advanced
deliberate	意図的な・熟考する	adj	advanced
demographic	人口統計の	adj	advanced
depict	描写する	v	advanced
devise	考案する	v	advanced
diminish	減少する・弱まる	v	advanced
discrete	個別の・離散的な	adj	hard
discrimination	差別・識別	n	advanced
displacement	置き換え・移動	n	advanced
distinctive	特徴的な	adj	advanced
diverse	多様な	adj	standard
dominant	支配的な	adj	advanced
dramatically	劇的に	adv	standard
durability	耐久性	n	advanced
efficiently	効率的に	adv	standard
elevate	高める	v	advanced	emission	排出・発行	n	advanced
empirical	経験的な	adj	hard
encompass	包含する	v	advanced
encounter	遭遇する・出会う	v	standard
enhance	高める・向上させる	v	standard
ensure	確実にする	v	standard
equivalent	同等の・同等物	adj	advanced
erode	侵食する・むしばむ	v	hard
essentially	本質的に	adv	standard
ethical	倫理的な	adj	advanced
evaluation	評価	n	standard
evoked	呼び起こした	adj	advanced
explicitly	明確に・露骨に	adv	advanced
exploit	利用する・搾取する	v	advanced
facilitate	促進する・容易にする	v	advanced
feasible	実行可能な	adj	advanced
fluctuate	変動する	v	advanced
formulate	公式化する・策定する	v	hard
forthcoming	差し迫った・まもなく出る	adj	hard
framework	枠組み	n	standard
fundamental	基本的な	adj	standard
generate	生み出す	v	standard
genuine	本物の・心からの	adj	standard
hierarchy	階層	n	advanced
hypothesis	仮説	n	advanced
identical	同一の	adj	standard
implement	実行する	v	advanced
implication	含意・影響	n	advanced
incentive	動機・奨励金	n	advanced
incidence	発生率・出来事	n	advanced
incorporate	取り入れる・組み込む	v	advanced
indispensable	不可欠な	adj	hard
inevitable	避けられない	adj	advanced
infer	推測する・推論する	v	advanced
inhibit	抑制する	v	hard
innovative	革新的な	adj	advanced
insight	洞察	n	advanced
integral	不可欠な・積分の	adj	hard
integrity	完全性・誠実さ	n	hard
intermediate	中間の・中間段階	n	standard
interpretation	解釈	n	standard
intervene	介入する	v	advanced
intrinsic	本質的な	adj	hard
isolate	孤立させる・分離する	v	standard
legitimate	正当な・合法の	adj	advanced
likewise	同様に	adv	standard
magnitude	大きさ・規模	n	advanced
manipulate	巧みに操作する・操る	v	hard
maximize	最大化する	v	advanced
mere	単なる	adj	standard
minimize	最小化する	v	advanced
moderately	適度に	adv	standard
nevertheless	それにもかかわらず	adv	standard
notably	注目すべきことに	adv	advanced
objective	客観的な・目的	adj	standard
obligation	義務	n	standard
obscure	曖昧な・世に知られていない	adj	hard
obtainable	入手可能な	adj	advanced
paradox	逆説	an	hard
parameter	パラメータ・範囲を決める要因	n	hard
perceive	知覚する・認識する	v	standard
persistent	持続する	adj	advanced
perspective	観点・見方	n	standard
plausible	もっともらしい	adj	advanced
precede	先行する	v	advanced
predominant	圧倒的に優勢な	adj	hard
preliminary	予備的な	adj	advanced
presumably	おそらく	adv	advanced
prioritize	優先順位をつける	v	advanced
profound	深い・重大な	adj	hard
proportionate	比例した	adj	hard
prospective	将来の・見込みの	adj	advanced
quantitative	量的な	adj	advanced
radical	根本的な・急進的な	adj	advanced
rational	合理的な	adj	advanced
refine	改良する・精製する	v	advanced
reinforce	強化する	v	advanced
reluctant	気が進まない	adj	standard
respectively	それぞれ	adv	standard
restore	回復させる	v	standard
retain	保持する	v	advanced
rigid	硬直した・厳格な	adj	advanced
simulate	模擬する	v	advanced
simultaneously	同時に	adv	advanced
sophisticated	洗練された・高度な	adj	advanced
subsequent	その後の	adj	advanced
substantially	かなり・大幅に	adv	advanced
substitute	代用する・代用品	v	standard
sufficiently	十分に	adv	standard
sustain	維持する・支える	v	advanced
tentative	暫定的な・仮の	adj	advanced
thereby	それによって	adv	hard
threshold	しきい値・境界	n	hard
transformation	変化・変革	n	advanced
undergo	経験する・受ける	v	advanced
undermine	弱体化させる	v	hard
unprecedented	前例のない	adj	hard
utilization	利用・活用	n	advanced
validity	妥当性・有効性	n	advanced
versatile	多用途の・万能な	adj	advanced
virtually	事実上	adv	standard
vulnerable	傷つきやすい・脆弱な	adj	advanced
whereby	それによって	conj	hard
widespread	広範囲にわたる	adj	standard
withdrawal	撤退・引き出し	n	advanced
yield	生み出す・譲る	v	advanced
abnormal	異常な	adj	standard
absorb	吸収する	v	standard
accelerated	加速された	adj	standard
accessible	利用しやすい・接近可能な	adj	standard
accusation	非難・告発	n	advanced
adequacy	十分さ・適切さ	n	advanced
adhere	固く守る・付着する	v	advanced
adverse	不利な・逆の	adj	advanced
aesthetic	美的な	adj	hard
aggregate	総計・集計する	v	advanced
albeit	～ではあるが	conj	hard
alert	警戒している・警告する	adj	standard
alienate	疎外する	v	hard
alleviate	軽減する	v	hard
amplify	増幅する	v	advanced
analogy	類推	 n	standard
appraisal	評価・査定	n	advanced
arise	生じる	v	standard
artifact	人工物・工芸品	n	advanced
assertive	断定的な	adj	advanced
assign	割り当てる	v	standard
attainment	達成・到達	n	advanced
authenticity	真正性・信頼性	n	hard
bias	偏見・偏り	n	standard
boundary	境界	 n	standard
bulk	大部分・かさ	n	standard
cease	やめる・終わる	v	advanced
clarify	明確にする	v	standard
coherent	首尾一貫した	adj	advanced
commence	開始する	v	advanced
comply	従う	v	advanced
comparable	比較可能な	adj	advanced
competence	能力・力量	n	advanced
complement	補完する・補完物	v	advanced
complexity	複雑さ	n	advanced
conceive	考えつく・妊娠する	v	hard
concurrent	同時に起こる	adj	hard
confine	制限する	v	advanced
conform	従う・一致する	v	advanced
consequently	その結果として	adv	standard
consideration	考慮	n	standard
constrain	制約する	v	advanced
consult	相談する・参照する	v	standard
contemporary	現代の・同時代の	adj	advanced
contradiction	矛盾	n	advanced
contrary	反対の・反して	adj	advanced
controversy	論争	n	advanced
conventional	従来の・慣習的な	adj	standard
convert	変換する	v	standard
conviction	確信・有罪判決	n	advanced
cooperate	協力する	v	standard
correlation	相関	n	advanced
cultivate	耕す・育てる	v	advanced
cumulative	累積的な	adj	advanced
deduce	差し引く・推論する	v	hard
deliberately	故意に	adv	advanced
delineate	輪郭を描く・明確に示す	v	hard
dependency	依存・依存関係	n	advanced
deviation	逸脱・偏差	n	hard
disclose	明らかにする	v	hard
discrete	個別の	adj	hard
disrupt	混乱させる・中断する	v	advanced
distinction	区別・卓越	n	advanced
diverse	多様な	adj	standard
documentation	文書・資料	n	advanced
domestic	国内の・家庭の	adj	standard
dynamic	動的な・力学的な	adj	advanced
elaborate	詳しく説明する・入念な	adj	advanced
eliminate	排除する	v	standard
empower	権限を与える	v	advanced
enhancement	向上・強化	n	advanced
enormous	巨大な	adj	standard
equation	方程式	n	standard
essential	不可欠な・本質的な	adj	standard
exceed	超える	v	standard
exclude	除外する	v	standard
exhibit	展示する・示す	v	standard
exploitative	搾取的な	adj	hard
extensive	広範囲の	adj	standard
extract	取り出す・抽出する	v	advanced
facilitation	促進・容易化	n	advanced
fluctuation	変動	n	advanced
forthcoming	来たるべき	adj	hard
foster	育成する・促進する	v	advanced
frustration	欲求不満・挫折	n	standard
fundamentally	根本的に	adv	advanced
gradual	徐々の	adj	standard
grant	与える・助成金	v	standard
guideline	指針	 n	standard
hence	それゆえに	adv	advanced
hinder	妨げる	v	advanced
holistic	全体論的な	adj	hard
identification	識別・同定	n	standard
illustrate	説明する・例証する	v	standard
immense	巨大な	adj	advanced
implement	実行する	v	advanced
inadequate	不十分な	adj	standard
incidence	発生・発生率	n	advanced
incline	傾ける・傾く	v	advanced
inherent	固有の	adj	hard
initiate	開始する	v	advanced
innovate	革新する	v	advanced
inspect	詳しく調べる	v	standard
integrate	統合する	v	advanced
intense	激しい・強烈な	adj	standard
intermediate	中級の・中間の	adj	standard
intrinsic	固有の	adj	hard
invoke	発動する・呼び起こす	v	hard
justify	正当化する	v	advanced
likelihood	可能性	n	advanced
logical	論理的な	adj	standard
marginal	周辺的な・わずかな	adj	hard
mechanism	仕組み	 n	standard
moderate	適度な・穏健な	adj	standard
mutual	相互の	adj	standard
neglect	無視する・怠る	v	standard
notion	概念・考え	n	standard
objective	目的・客観的な	adj	standard
overlap	重なる・重複	v	standard
paradigm	枠組み・パラダイム	n	hard
persist	持続する	v	advanced
prevalent	広く行き渡っている	adj	hard
preserve	保存する・維持する	v	standard
prohibit	禁止する	v	advanced
prominent	著名な・目立つ	adj	advanced
proportion	割合	 n	standard
prospect	見込み・見通し	n	standard
qualitative	質的な	adj	advanced
rationality	合理性	n	hard
reliable	信頼できる	adj	standard
reproduce	再現する・繁殖する	v	standard
reside	住む	v	advanced
restrain	抑える	v	advanced
retrieve	取り戻す・検索する	v	advanced
reveal	明らかにする	v	standard
reverse	逆にする・逆の	v	standard
scarce	不足している・希少な	adj	advanced
sequential	連続的な	adj	hard
significant	重要な・かなりの	adj	standard
simultaneous	同時の	adj	advanced
solely	もっぱら	adv	advanced
specify	明記する・特定する	v	standard
subordinate	従属した・部下	adj	hard
supplement	補う・補足	v	advanced
terminate	終わらせる	v	hard
transmit	伝える・送信する	v	advanced
trigger	引き起こす・きっかけ	v	standard
underlying	根底にある	adj	advanced
unify	統一する	v	advanced
valid	妥当な・有効な	adj	standard
viable	実行可能な	adj	advanced
welfare	福祉・幸福	 n	standard
whereas	～であるのに対して	conj	standard
wherever	どこで～しても	conj	standard
abolition	廃止	n	advanced
abrupt	突然の	adj	advanced
abruptly	突然に	adv	advanced
accidental	偶然の	adj	standard
accountable	説明責任のある	adj	hard
accumulate	蓄積する	v	standard
adaptive	適応性のある	adj	advanced
admittedly	認めざるを得ないが	adv	hard
aggregate	集計する・総計	v	advanced
analogous	類似した	adj	advanced
anticipate	予想する	v	standard
appreciable	かなりの・評価できる	adj	advanced
artificial	人工の・不自然な	adj	standard
assert	主張する	v	standard
attitude	態度	 n	standard
audit	監査・監査する	v	hard
autonomous	自律的な	adj	hard
bias	偏り・偏見	 n	standard
capability	能力	 n	advanced
compatible	互換性のある	adj	advanced
comparable	同等の・比較可能な	adj	advanced
compelling	強く人を動かす	adj	advanced
compliance	従うこと・遵守	 n	advanced
concentrate	集中する・濃縮する	v	standard
conceptual	概念的な	adj	advanced
concession	譲歩	 n	advanced
conclusive	決定的な	adj	hard
concrete	具体的な	adj	standard
confer	与える・相談する	v	hard
confine	制限する・閉じ込める	v	advanced
consensus	合意	 n	advanced
considerable	かなりの	adj	standard
constitute	構成する	v	advanced
consultation	相談・協議	 n	advanced
consumption	消費	n	standard
contradict	矛盾する	v	advanced
contribute	貢献する・寄付する	v	standard
controversial	議論の分かれる	adj	advanced
correspondence	通信・一致	 n	advanced
criterion	基準	 n	advanced
crucial	極めて重要な	adj	standard
decline	減少・衰退	 n	standard
deduction	控除・演繹	n	advanced
deficiency	不足・欠乏	n	advanced
depict	描写する	v	advanced
differentiate	区別する・差別化する	v	advanced
disposal	処分・廃棄	n	advanced
distribute	配布する	v	standard
diversity	多様性	n	standard
draft	下書き・草稿	 n	standard
duration	期間	n	standard
equilibrium	均衡	n	hard
equivalent	同等の	adj	advanced
evaluate	評価する	v	standard
exaggerate	誇張する	v	advanced
exclude	除外する	v	standard
exclusive	独占的な・唯一の	adj	advanced
exposure	さらされること	 n	advanced
facilitate	促進する	v	advanced
fraction	分数・一部	n	standard
funding	資金提供	n	standard
fundamental	根本的な	adj	standard
genuine	本物の	adj	standard
generate	生み出す	v	standard
hypothetical	仮想の・仮説上の	adj	hard
identical	全く同じ	adj	standard
implicit	暗黙の	adj	advanced
inclusion	包含・含有	n	advanced
inequality	不平等・不等式	n	advanced
infrastructure	社会基盤	 n	advanced
innovation	革新	 n	advanced
insightful	洞察力のある	adj	hard
integral	不可欠な・積分の	adj	hard
interact	相互作用する	v	standard
interpret	解釈する	v	standard
interrelated	相互に関連した	adj	hard
intricate	複雑な	adj	hard
legislative	立法の	adj	hard
legislation	法律・立法	n	advanced
maximize	最大化する	v	advanced
minimize	最小化する	v	advanced
mitigate	軽減する	v	hard
negotiation	交渉	n	advanced
notwithstanding	～にもかかわらず	prep	 hard
objective	目的・客観的な	adj	standard
offset	相殺する・埋め合わせる	v	advanced
ongoing	進行中の	adj	standard
optimal	最適な	adj	advanced
orient	方向づける	v	advanced
paradigm	典型・枠組み	 n	hard
preliminary	予備の	adj	advanced
preserve	保存する・保護する	v	standard
prevalence	普及・有病率	 n	hard
prohibit	禁止する	v	advanced
promote	促進する・昇進させる	v	standard
protocol	手順・議定書	n	advanced
rationalize	合理化する	v	hard
recover	回復する	v	standard
refine	改良する	v	advanced
regulate	規制する・調整する	v	advanced
reinforce	強化する	v	advanced
reluctance	気が進まないこと	n	advanced
respective	それぞれの	adj	standard
restore	回復させる	v	standard
restrict	制限する	v	standard
retrospective	回顧的な	adj	hard
scenario	筋書き・想定される状況	n	advanced
stable	安定した	adj	standard
subsequent	後の	adj	advanced
sustainability	持続可能性	n	advanced
synthesize	統合してまとめる	v	hard
threshold	境界値・しきい値	n	hard
transform	変える・変形させる	v	standard
transparency	透明性	n	advanced
underestimate	過小評価する	v	advanced
validity	妥当性	 n	advanced
violate	違反する	v	advanced
whereby	それによって	conj	hard
withdraw	撤退する・引き出す	v	standard
accomplish	成し遂げる	v	standard
accurate	正確な	adj	standard
adapt	適応する・改作する	v	standard
adopt	採用する・養子にする	v	standard
annual	年1回の・毎年の	adj	standard
apparent	明らかな	adj	standard
apply	適用する・申し込む	v	standard
approximate	およその・近似する	adj	standard
arbitrary	任意の	adj	advanced
assist	助ける	v	standard
assure	保証する・安心させる	v	standard
attribute	～のせいにする・属性	v	advanced
automatic	自動の	adj	standard
aware	気づいている	adj	standard
cease	終わる・やめる	v	advanced
clarification	明確化	 n	advanced
code	規範・暗号化する	v	standard
collapse	崩壊する	v	standard
commodity	商品・日用品	n	advanced
comprehensive	包括的な	adj	advanced
conception	概念・構想	n	advanced
conduct	行う・行動	v	standard
conflict	対立・衝突	v	standard
consequence	結果	 n	standard
considerably	かなり	adv	standard
consistently	一貫して	adv	advanced
constraint	制約	 n	advanced
consult	相談する	v	standard
consumer	消費者	n	standard
contemporary	現代の	adj	advanced
convention	慣習・大会	 n	standard
coordinator	調整役	 n	advanced
corporate	企業の	adj	advanced
crucially	極めて重要なことに	adv	advanced
currency	通貨・普及	 n	standard
cycle	循環・周期	 n	standard
defensive	防御的な	adj	advanced
displacement	置換・移動	 n	advanced
dominance	支配・優勢	 n	advanced
dramatic	劇的な	adj	standard
durable	耐久性のある	adj	advanced
economical	経済的な・節約になる	adj	standard
educational	教育上の	adj	standard
effectively	効果的に	adv	standard
emerging	新興の	adj	advanced
enhance	高める	v	standard
ethical	倫理的な	adj	advanced
excessive	過度の	adj	advanced
exclusive	排他的な	adj	advanced
external	外部の	adj	standard
flexible	柔軟な	adj	standard
flourish	繁栄する	v	advanced
formulate	策定する	v	hard
frequency	頻度	 n	standard
global	世界的な	adj	standard
impair	損なう	v	hard
incentive	動機・奨励策	 n	advanced
incorporation	組み込み・法人化	 n	hard
indicate	示す	v	standard
inevitably	必然的に	adv	advanced
informative	有益な情報を含む	adj	standard
infrastructure	社会基盤	 n	advanced
initially	最初は	adv	standard
innovative	革新的な	adj	advanced
institutional	制度上の	adj	advanced
intensive	集中的な	adj	advanced
internal	内部の	adj	standard
interpretive	解釈の	adj	hard
interruption	中断	 n	standard
justification	正当化・正当な理由	 n	advanced
likelihood	可能性	 n	advanced
maintain	維持する	v	standard
modification	修正・変更	 n	standard
monitor	監視する・監視装置	v	standard
norm	規範・標準	 n	advanced
observation	観察	 n	standard
ongoing	継続中の	adj	standard
outcome	結果	 n	standard
participation	参加	 n	standard
persistent	粘り強い・持続する	adj	advanced
potential	可能性・潜在的な	adj	standard
precise	正確な	adj	standard
predictable	予測可能な	adj	standard
preference	好み・優先	 n	standard
profoundly	深く・大いに	adv	hard
proportion	割合	 n	standard
publication	出版・刊行物	 n	standard
recognition	認識・評価	n	standard
regulation	規制・規則	n	standard
relevant	関連のある	adj	standard
remarkably	著しく	adv	advanced
requirement	必要条件	 n	standard
resistant	抵抗力のある	adj	advanced
resourceful	機知に富んだ	adj	hard
sensitive	敏感な・繊細な	adj	standard
significantly	著しく	adv	standard
specification	仕様・明細	n	advanced
strategy	戦略	 n	standard
substantial	かなりの・実質的な	adj	advanced
subtle	微妙な	adj	advanced
sustainable	持続可能な	adj	advanced
temporal	時間の・一時的な	adj	hard
trend	傾向	 n	standard
underlying	根底にある	adj	advanced
universal	普遍的な	adj	standard
variation	変化・変異	 n	standard
verbal	言葉の・口頭の	adj	advanced
versus	～対～	prep	standard
warrant	正当な理由・正当化する	v	hard
wealth	富・財産	 n	standard
approximation	近似・概算	n	advanced
calculation	計算	 n	standard
classification	分類	 n	advanced
comparatively	比較的	adv	advanced
coordination	調整・協調	 n	advanced
correction	訂正	 n	standard
distribution	分配・分布	 n	standard
dominant	優勢な	adj	advanced
elimination	排除	 n	standard
estimation	推定	 n	standard
explanation	説明	 n	standard
exposure	露出・さらされること	 n	advanced
measurement	測定	 n	standard
prediction	予測	 n	standard
procedure	手順	 n	standard
reduction	減少・削減	 n	standard
selection	選択	 n	standard
solution	解決策・解答	 n	standard
substitution	代入・代用	 n	standard
transportation	輸送	 n	standard
uncertainty	不確実性	 n	advanced
utilize	利用する	v	standard
volume	体積・量・音量	 n	standard
adjunct	付加物・補助物	 n	hard
adverse	不利な	adj	advanced
aggregate	総計・集める	v	advanced
ambition	野心・大志	 n	standard
analytically	分析的に	adv	hard
apparent	明白な	adj	standard
asymmetry	非対称性	 n	hard
bias	偏り	 n	standard
causal	因果関係の	adj	advanced
chronological	年代順の	adj	advanced
coincide	同時に起こる・一致する	v	advanced
comparability	比較可能性	 n	hard
compatibility	互換性・適合性	 n	advanced
concentration	集中・濃度	 n	standard
conventional	従来の	adj	standard
corresponding	対応する	adj	standard
credible	信頼できる	adj	advanced
decrease	減少する・減少	v	standard
deliberation	熟考・審議	 n	hard
dependency	依存関係	 n	advanced
desirable	望ましい	adj	advanced
devastating	壊滅的な	adj	advanced
disclosure	開示	 n	hard
empowerment	権限付与・自信を与えること	 n	hard
encounter	出会う・遭遇	v	standard
exhibit	展示する・示す	v	standard
explicit	明白な	adj	advanced
feasible	実現可能な	adj	advanced
hypothesis	仮説	 n	advanced
implementation	実施・実装	 n	advanced
infrastructure	基盤設備	 n	advanced
inspection	検査	 n	standard
intention	意図	 n	standard
interaction	相互作用・交流	 n	standard
interference	干渉・妨害	 n	advanced
interior	内部・内部の	adj	standard
interval	間隔	 n	standard
legitimacy	正当性	 n	hard
mechanical	機械の・機械的な	adj	standard
methodology	方法論	 n	hard
motivation	動機	 n	standard
neutral	中立の	adj	standard
observable	観察可能な	adj	advanced
offset	相殺する	v	advanced
orientation	方向づけ・向き	 n	advanced
persistent	持続的な	adj	advanced
practical	実用的な	adj	standard
priority	優先事項	 n	standard
proximity	近接	 n	hard
reactive	反応性の・反応する	adj	advanced
reliability	信頼性	 n	advanced
replicate	複製する・再現する	v	advanced
restriction	制限	 n	standard
sensitivity	感度・敏感さ	 n	advanced
sequence	連続・順序	 n	standard
stability	安定性	 n	standard
statistical	統計的な	adj	advanced
subsequently	その後	adv	advanced
sufficient	十分な	adj	standard
technical	技術的な	adj	standard
technological	技術の	adj	standard
transmission	伝達・送信	 n	advanced
uncertain	不確かな	adj	standard
uncover	明らかにする	v	advanced
undertake	引き受ける・着手する	v	advanced
uniform	均一な	adj	advanced
variation	変化	 n	standard
verify	検証する	v	standard
withdrawal	撤退	 n	advanced
aggregate	総体の・集計する	v	advanced
approximate	近似する・およその	v	standard
attain	達成する	v	advanced
attribute	～のせいにする・属性	v	advanced
discretion	裁量・慎重さ	 n	hard
ethical	倫理上の	adj	advanced
externality	外部性	 n	hard
feasibility	実現可能性	 n	hard
implication	含意・影響	 n	advanced
inference	推論	 n	advanced
innovation	革新	 n	advanced
justifiable	正当化できる	adj	hard
magnitude	規模・大きさ	 n	advanced
negotiable	交渉可能な	adj	advanced
objective	目的	 n	standard
operational	運用上の	adj	advanced
prevalent	広く普及している	adj	hard
probability	確率・可能性	 n	standard
proposition	命題・提案	 n	hard
qualify	資格を与える・条件をつける	v	advanced
quantify	数量化する	v	advanced
randomly	無作為に	adv	standard
recession	不況	 n	advanced
reliable	信頼できる	adj	standard
representative	代表的な	adj	advanced
respective	それぞれの	adj	standard
rigor	厳密さ	 n	hard
specifically	具体的に	adv	standard
stereotype	固定観念	 n	advanced
subsidy	補助金	 n	hard
terminate	終了させる	v	hard
trajectory	軌道・経路	 n	hard
transition	移行	 n	standard
uncertainty	不確実性	 n	advanced
underlie	～の基礎となる	v	hard
utilitarian	功利主義の・実用的な	adj	hard
vulnerability	脆弱性	 n	hard
aggregate	合計する	v	advanced
ambivalence	両価的な感情	 n	hard
assertion	主張	 n	standard
auditability	監査可能性	 n	hard
concession	譲歩	 n	advanced
connotation	含意・言外の意味	 n	hard
contingent	条件付きの・偶発的な	adj	hard
corroborate	裏付ける	v	hard
cumulative	累積する	adj	advanced
delegation	委任	 n	advanced
determinant	決定要因	 n	hard
differentiate	区別する	v	advanced
discrepancy	不一致・食い違い	 n	hard
empirical	経験的な	adj	hard
exemplify	例証する	v	advanced
extrapolate	外挿する	v	hard
facilitate	促進する	v	advanced
implicit	暗黙の	adj	advanced
incompatible	両立しない	adj	advanced
induce	引き起こす・誘導する	v	advanced
inequity	不公平	 n	hard
inhibit	抑制する	v	hard
legislator	立法者	 n	advanced
metropolitan	大都市の	adj	advanced
normative	規範的な	adj	hard
optimal	最適な	adj	advanced
periodic	周期的な	adj	standard
plausibility	もっともらしさ	 n	hard
presumption	推定・推測	 n	advanced
proliferate	急増する	v	hard
rhetorical	修辞的な	adj	hard
scrutiny	精査	 n	hard
substantiate	裏付ける	v	hard
systematic	体系的な	adj	advanced
transformative	変革をもたらす	adj	hard
unavoidable	避けられない	adj	advanced
unprecedented	前例のない	adj	hard
validation	検証・妥当性確認	 n	advanced
viability	存続可能性・実行可能性	 n	hard
acquisition	取得・習得	n	standard
activation	活性化	n	advanced
adjacency	隣接	n	advanced
administration	管理・行政	n	standard
advancement	進歩・昇進	n	standard
allocation	割り当て	n	advanced
anticipatory	予想の・先を見越した	adj	hard
applicability	適用可能性	n	advanced
articulation	明瞭な表現・関節	 n	hard
attainability	達成可能性	n	hard
authorization	許可・認可	n	advanced
beneficiary	受益者	n	advanced
benchmark	基準・指標	n	advanced
causation	因果関係	n	hard
coherence	一貫性	n	advanced
collaboration	協力	n	standard
competitiveness	競争力	n	advanced
complementary	補完的な	adj	advanced
computation	計算	n	advanced
confidential	機密の	adj	advanced
congestion	混雑	n	standard
conservation	保全	 n	advanced
constraint	制約	n	advanced
consultant	相談役・コンサルタント	n	standard
contributor	貢献者・寄稿者	n	standard
coordination	調整・協調	n	advanced
corruption	腐敗	 n	advanced
credibility	信頼性	n	advanced
demonstration	実演・証明	n	standard
depletion	枯渇	 n	advanced
designation	指定・名称	 n	advanced
discretionary	裁量による	adj	hard
disruption	混乱・中断	n	advanced
document	文書化する・文書	n	standard
dynamics	力学・動向	 n	advanced
efficiency	効率	n	standard
enclosure	囲い・同封物	n	standard
endorsement	支持・承認	n	advanced
expenditure	支出	n	advanced
externalization	外部化	n	hard
flexibility	柔軟性	n	standard
formulation	策定・定式化	n	hard
furthermore	さらに	adv	standard
governance	統治・管理	n	advanced
implementation	実施・実装	n	advanced
incorporation	組み込み	 n	advanced
indication	兆候・表示	n	standard
inefficiency	非効率	 n	advanced
inheritance	相続・継承	n	advanced
inspection	検査	n	standard
institution	制度・機関	n	standard
intervention	介入	n	advanced
legislation	法律・立法	n	advanced
maintenance	維持・保守	n	standard
methodological	方法論上の	adj	hard
modification	変更	n	standard
negotiation	交渉	n	advanced
occurrence	発生	n	advanced
optimization	最適化	n	advanced
participate	参加する	v	standard
perception	認識・知覚	n	standard
persistence	持続・粘り強さ	n	advanced
prediction	予測	n	standard
productivity	生産性	n	advanced
proficiency	熟達	n	advanced
projection	予測・投影	n	advanced
promotion	促進・昇進	n	standard
proportionally	比例して	adv	advanced
publication	出版物	n	standard
qualification	資格・資質	n	standard
reconstruction	再構築	n	advanced
recovery	回復	n	standard
reduction	削減・減少	n	standard
refinement	改良・精製	n	advanced
regulator	調整装置・規制当局	n	advanced
reinforcement	強化	n	advanced
replacement	交換・代替	n	standard
representation	表現・代表	n	advanced
resistance	抵抗・抵抗力	n	standard
restoration	回復・修復	n	standard
retention	保持	n	advanced
revision	修正・改訂	n	standard
selection	選択	n	standard
simulation	模擬・シミュレーション	n	advanced
stabilize	安定させる	v	advanced
substitution	代用・代入	n	standard
supplementary	補足の	adj	advanced
suspicion	疑い	n	standard
termination	終了	n	advanced
transformation	変化・変革	n	advanced
translation	翻訳・移動	n	standard
transparency	透明性	n	advanced
unification	統一	n	advanced
verification	検証	n	standard
